seed,training_seed,scenario_seed,episode,timestamp,method,hub_id,hub_index,hub,period,price,arrivals,outside_share,wait_min,wait_excess_min,requested_energy_kwh,served_energy_kwh,unmet_energy_kwh,pv_used_kwh,pv_to_ev_kwh,battery_charge_kwh,battery_discharge_kwh,soc,grid_import_kwh,grid_limit_kwh,grid_utilization,grid_price_gbp_per_kwh,revenue_gbp,energy_cost_gbp,operating_cost_gbp,profit_gbp,access_mean_min,route_mean_min,detour_mean_min,outside_cost_estimate,outside_nll,reward,welfare,energy_balance_error_kwh,outside_cost_error_for_evaluation_only,requested_energy,served_energy,unmet_energy,pv_used,pv_to_ev,battery_charge,battery_discharge,grid_import,grid_limit,grid_limit_utilization,grid_price,revenue,energy_cost,operating_cost,profit,energy_balance,wait_violation,unmet,realized_demand,weighted_hub_profit_welfare,historical_equivalent_vehicles,pending_vehicles,admission_ratio,admission_pressure,admitted_vehicles,queued_energy_start_kwh,pending_energy_kwh,admitted_energy_kwh,queued_energy_next_kwh,queue_vehicle_conservation_error,queue_energy_conservation_error_kwh,admitted_full_service_ratio,pending_full_service_ratio
101,5,101,0,2024-09-20T16:00:00,proposed,H01,0,0,0,0.46856242418289185,15.766740231793182,0.07875436541553546,58.25055173844887,43.25055173844887,394.1685057948296,200.00000000000003,0.0,44.0,44.0,84.21052631578947,0.0,0.95,240.21052631578948,250.0,0.9608421052631579,0.16,93.71248483657838,38.653684210526315,12.0,43.05880062605207,10.426646093807662,10.426646093807662,1.8766891932775056,13.54381448917335,0.4254669677134717,1.6868931375683542,329.9456127502318,0.0,-2.95618551082665,394.1685057948296,200.00000000000003,0.0,44.0,44.0,84.21052631578947,0.0,240.21052631578948,250.0,0.9608421052631579,0.16,93.71248483657838,38.653684210526315,12.0,43.05880062605207,0.0,0.7208425289741478,0.0,15.766740231793182,329.9456127502318,0.0,15.766740231793182,0.507397209720512,1.9708425289741478,8.0,0.0,394.1685057948296,200.00000000000003,194.1685057948296,0.0,0.0,1.0,0.507397209720512
101,5,101,0,2024-09-20T16:00:00,proposed,H02,1,1,0,0.5294427871704102,7.023272993604092,0.07875436541553546,0.0,0.0,175.58182484010229,175.58182484010229,0.0,33.0,33.0,94.73684210526316,0.0,0.95,237.31866694536546,250.0,0.9492746677814619,0.16,92.9605307198105,38.135986711258475,10.534909490406138,44.289634518145895,10.350403269747982,10.350403269747982,1.6703588060311936,13.54381448917335,0.4254669677134717,1.6868931375683542,329.9456127502318,0.0,-2.95618551082665,175.58182484010229,175.58182484010229,0.0,33.0,33.0,94.73684210526316,0.0,237.31866694536546,250.0,0.9492746677814619,0.16,92.9605307198105,38.135986711258475,10.534909490406138,44.289634518145895,0.0,0.0,0.0,7.023272993604092,329.9456127502318,0.0,7.023272993604092,1.0,0.8779091242005115,7.023272993604092,0.0,175.58182484010229,175.58182484010229,0.0,0.0,0.0,1.0,1.0
101,5,101,0,2024-09-20T16:00:00,proposed,H03,2,2,0,0.5401561260223389,6.191500701917184,0.07875436541553546,0.0,0.0,154.78751754792958,154.78751754792958,0.0,33.0,33.0,110.52631578947368,0.0,0.95,232.31383333740325,350.0,0.6637538095354378,0.16,83.60942583530444,37.33521333398452,9.287251052875776,36.98696144844414,10.524391604555804,10.524391604555804,1.6825276633007913,13.54381448917335,0.4254669677134717,1.6868931375683542,329.9456127502318,0.0,-2.95618551082665,154.78751754792958,154.78751754792958,0.0,33.0,33.0,110.52631578947368,0.0,232.31383333740325,350.0,0.6637538095354378,0.16,83.60942583530444,37.33521333398452,9.287251052875776,36.98696144844414,0.0,0.0,0.0,6.191500701917184,329.9456127502318,0.0,6.191500701917184,1.0,0.515958391826432,6.191500701917184,0.0,154.78751754792958,154.78751754792958,0.0,0.0,0.0,1.0,1.0
101,5,101,0,2024-09-20T16:00:00,proposed,H04,3,3,0,0.497302770614624,7.079087792731841,0.07875436541553546,0.0,0.0,176.97719481829603,176.97719481829603,0.0,44.0,44.0,78.94736842105263,0.0,0.95,211.92456323934866,250.0,0.8476982529573946,0.16,88.0112493187427,34.12793011829579,10.618631689097763,43.26468751134915,13.1499188398441,13.1499188398441,4.044716950072058,13.54381448917335,0.4254669677134717,1.6868931375683542,329.9456127502318,0.0,-2.95618551082665,176.97719481829603,176.97719481829603,0.0,44.0,44.0,78.94736842105263,0.0,211.92456323934866,250.0,0.8476982529573946,0.16,88.0112493187427,34.12793011829579,10.618631689097763,43.26468751134915,0.0,0.0,0.0,7.079087792731841,329.9456127502318,0.0,7.079087792731841,1.0,0.8848859740914802,7.079087792731841,0.0,176.97719481829603,176.97719481829603,0.0,0.0,0.0,1.0,1.0
101,5,101,0,2024-09-20T16:00:00,proposed,H05,4,4,0,0.5716525912284851,1.6798622920440582,0.07875436541553546,0.0,0.0,41.996557301101454,41.996557301101454,0.0,82.5,0.0,131.57894736842104,0.0,0.95,91.0755046695225,500.0,0.18215100933904502,0.16,24.0074408038502,14.9845807471236,2.5197934380660874,6.503066618660514,15.448516338228481,15.448516338228481,6.189242363849866,13.54381448917335,0.4254669677134717,1.6868931375683542,329.9456127502318,1.4210854715202004e-14,-2.95618551082665,41.996557301101454,41.996557301101454,0.0,82.5,0.0,131.57894736842104,0.0,91.0755046695225,500.0,0.18215100933904502,0.16,24.0074408038502,14.9845807471236,2.5197934380660874,6.503066618660514,1.4210854715202004e-14,0.0,0.0,1.6798622920440582,329.9456127502318,0.0,1.6798622920440582,1.0,0.10499139325275364,1.6798622920440582,0.0,41.996557301101454,41.996557301101454,0.0,0.0,0.0,1.0,1.0
101,5,101,0,2024-09-20T16:00:00,proposed,H06,5,5,0,0.48814189434051514,7.796819332350432,0.07875436541553546,0.0,0.0,194.92048330876077,194.92048330876077,0.0,110.0,110.0,126.31578947368422,0.0,0.95,211.23627278244498,700.0,0.30176610397492143,0.16,95.14885396810725,34.34780364519119,11.695228998525648,49.105821324390405,13.398224229734364,13.398224229734364,4.623021584831504,13.54381448917335,0.4254669677134717,1.6868931375683542,329.9456127502318,0.0,-2.95618551082665,194.92048330876077,194.92048330876077,0.0,110.0,110.0,126.31578947368422,0.0,211.23627278244498,700.0,0.30176610397492143,0.16,95.14885396810725,34.34780364519119,11.695228998525648,49.105821324390405,0.0,0.0,0.0,7.796819332350432,329.9456127502318,0.0,7.796819332350432,1.0,0.487301208271902,7.796819332350432,0.0,194.92048330876077,194.92048330876077,0.0,0.0,0.0,1.0,1.0
101,5,101,0,2024-09-20T16:00:00,proposed,H07,6,6,0,0.5586836338043213,5.168837473920945,0.07875436541553546,0.0,0.0,129.22093684802363,129.22093684802363,0.0,27.5,27.5,126.31578947368422,0.0,0.95,228.03672632170785,350.0,0.6515335037763081,0.16,72.19362256185256,36.62337621147326,7.753256210881418,27.81699013949789,10.136226353165805,10.136226353165805,1.2209285190314374,13.54381448917335,0.4254669677134717,1.6868931375683542,329.9456127502318,0.0,-2.95618551082665,129.22093684802363,129.22093684802363,0.0,27.5,27.5,126.31578947368422,0.0,228.03672632170785,350.0,0.6515335037763081,0.16,72.19362256185256,36.62337621147326,7.753256210881418,27.81699013949789,0.0,0.0,0.0,5.168837473920945,329.9456127502318,0.0,5.168837473920945,1.0,0.4307364561600788,5.168837473920945,0.0,129.22093684802363,129.22093684802363,0.0,0.0,0.0,1.0,1.0
101,5,101,0,2024-09-20T16:00:00,proposed,H08,7,7,0,0.4315682053565979,29.967359402199822,0.07875436541553546,52.37759775824933,37.37759775824933,749.1839850549954,399.99999999999994,0.0,99.0,0.0,131.57894736842104,0.0,0.95,432.578947368421,500.0,0.865157894736842,0.16,172.62728214263913,69.70763157894736,24.0,78.91965056369177,9.975495370830973,9.975495370830973,1.3263581279802912,13.54381448917335,0.4254669677134717,1.6868931375683542,329.9456127502318,1.4210854715202004e-14,-2.95618551082665,749.1839850549954,399.99999999999994,0.0,99.0,0.0,131.57894736842104,0.0,432.578947368421,500.0,0.865157894736842,0.16,172.62728214263913,69.70763157894736,24.0,78.91965056369177,1.4210854715202004e-14,0.6229599626374889,0.0,29.967359402199822,329.9456127502318,0.0,29.967359402199822,0.533914242668491,1.8729599626374889,16.0,0.0,749.1839850549954,399.99999999999994,349.1839850549955,0.0,0.0,1.0,0.533914242668491
101,5,101,0,2024-09-20T17:00:00,proposed,H01,0,0,1,0.46790751814842224,0.0030886445971163162,0.16645858446950812,0.0,0.0,0.0772161149279079,194.24572190975752,0.0,28.0,28.0,0.0,0.0,0.95,166.24572190975752,250.0,0.6649828876390301,0.22,90.88903364974324,36.714058820146654,11.654743314585447,42.52023151501114,9.650925970096605,9.650925970096605,1.478896897279132,13.551232356672399,0.5617365464802158,2.8360799474597127,518.1450449817132,0.0,-2.948767643327601,0.0772161149279079,194.24572190975752,0.0,28.0,28.0,0.0,0.0,166.24572190975752,250.0,0.6649828876390301,0.22,90.88903364974324,36.714058820146654,11.654743314585447,42.52023151501114,0.0,0.0,0.0,0.0030886445971163162,518.1450449817132,7.766740231793182,7.7698288763902985,1.0,0.9712286095487873,7.7698288763902985,194.1685057948296,194.24572190975752,194.24572190975752,0.0,0.0,0.0,1.0,1.0
101,5,101,0,2024-09-20T17:00:00,proposed,H02,1,1,1,0.5242860317230225,21.01067911667829,0.16645858446950812,97.58009337508717,82.58009337508717,525.2669779169573,200.00000000000003,0.0,21.0,21.0,0.0,0.0,0.95,179.00000000000003,250.0,0.7160000000000001,0.22,104.8572063446045,39.48500000000001,12.0,53.37220634460451,9.81527546938699,9.81527546938699,1.4640239702252946,13.551232356672399,0.5617365464802158,2.8360799474597127,518.1450449817132,0.0,-2.948767643327601,525.2669779169573,200.00000000000003,0.0,21.0,21.0,0.0,0.0,179.00000000000003,250.0,0.7160000000000001,0.22,104.8572063446045,39.48500000000001,12.0,53.37220634460451,0.0,1.3763348895847862,0.0,21.01067911667829,518.1450449817132,0.0,21.01067911667829,0.38075875394477826,2.6263348895847862,8.0,0.0,525.2669779169573,200.00000000000003,325.26697791695733,0.0,0.0,1.0,0.38075875394477826
101,5,101,0,2024-09-20T17:00:00,proposed,H03,2,2,1,0.5424899458885193,14.884896535011556,0.16645858446950812,14.424482675057785,0.0,372.1224133752889,300.0,0.0,21.0,21.0,0.0,0.0,0.95,279.0,350.0,0.7971428571428572,0.22,162.7469837665558,61.485,18.0,83.26198376655579,10.599652157961993,10.599652157961993,2.096237077600889,13.551232356672399,0.5617365464802158,2.8360799474597127,518.1450449817132,0.0,-2.948767643327601,372.1224133752889,300.0,0.0,21.0,21.0,0.0,0.0,279.0,350.0,0.7971428571428572,0.22,162.7469837665558,61.485,18.0,83.26198376655579,0.0,0.0,0.0,14.884896535011556,518.1450449817132,0.0,14.884896535011556,0.8061863226105846,1.2404080445842964,12.0,0.0,372.1224133752889,300.0,72.12241337528889,8.326672684688674e-17,0.0,1.0,0.8061863226105846
101,5,101,0,2024-09-20T17:00:00,proposed,H04,3,3,1,0.5061257481575012,14.12919055486274,0.16645858446950812,45.96892916147055,30.96892916147055,353.22976387156854,200.0,0.0,28.0,28.0,0.0,0.0,0.95,172.0,250.0,0.688,0.22,101.22514963150024,37.980000000000004,11.999999999999998,51.24514963150024,13.78119875388405,13.78119875388405,5.051269712543715,13.551232356672399,0.5617365464802158,2.8360799474597127,518.1450449817132,0.0,-2.948767643327601,353.22976387156854,200.0,0.0,28.0,28.0,0.0,0.0,172.0,250.0,0.688,0.22,101.22514963150024,37.980000000000004,11.999999999999998,51.24514963150024,0.0,0.5161488193578425,0.0,14.12919055486274,518.1450449817132,0.0,14.12919055486274,0.5662037021113497,1.7661488193578425,7.999999999999999,0.0,353.22976387156854,200.0,153.22976387156854,0.0,0.0,1.0,0.5662037021113497
101,5,101,0,2024-09-20T17:00:00,proposed,H05,4,4,1,0.5749019980430603,3.4397045569930995,0.16645858446950812,0.0,0.0,85.99261392482748,85.99261392482748,0.0,52.5,52.5,0.0,0.0,0.95,33.49261392482748,500.0,0.06698522784965497,0.22,49.43732556232881,7.630875063462046,5.159556835489649,36.646893663377114,16.436655494464972,16.436655494464972,7.619418904401996,13.551232356672399,0.5617365464802158,2.8360799474597127,518.1450449817132,0.0,-2.948767643327601,85.99261392482748,85.99261392482748,0.0,52.5,52.5,0.0,0.0,33.49261392482748,500.0,0.06698522784965497,0.22,49.43732556232881,7.630875063462046,5.159556835489649,36.646893663377114,0.0,0.0,0.0,3.4397045569930995,518.1450449817132,0.0,3.4397045569930995,1.0,0.21498153481206872,3.4397045569930995,0.0,85.99261392482748,85.99261392482748,0.0,0.0,0.0,1.0,1.0
101,5,101,0,2024-09-20T17:00:00,proposed,H06,5,5,1,0.4891405403614044,20.991867355016872,0.16645858446950812,18.71950258131327,3.71950258131327,524.7966838754218,400.0,0.0,70.0,70.0,0.0,0.0,0.95,330.0,700.0,0.4714285714285714,0.22,195.65621614456177,72.94999999999999,24.0,98.70621614456178,12.832350328610506,12.832350328610506,4.519913653446255,13.551232356672399,0.5617365464802158,2.8360799474597127,518.1450449817132,0.0,-2.948767643327601,524.7966838754218,400.0,0.0,70.0,70.0,0.0,0.0,330.0,700.0,0.4714285714285714,0.22,195.65621614456177,72.94999999999999,24.0,98.70621614456178,0.0,0.0619917096885545,0.0,20.991867355016872,518.1450449817132,0.0,20.991867355016872,0.7621999381668225,1.3119917096885545,16.0,0.0,524.7966838754218,400.0,124.79668387542176,0.0,0.0,1.0,0.7621999381668225
101,5,101,0,2024-09-20T17:00:00,proposed,H07,6,6,1,0.5608581900596619,12.046494982495805,0.16645858446950812,0.23247491247902374,0.0,301.1623745623951,299.99999999999994,0.0,17.5,17.5,0.0,0.0,0.95,282.49999999999994,350.0,0.8071428571428569,0.22,168.25745701789853,62.23749999999998,18.0,88.01995701789855,10.38911679194391,10.38911679194391,1.871106890617709,13.551232356672399,0.5617365464802158,2.8360799474597127,518.1450449817132,0.0,-2.948767643327601,301.1623745623951,299.99999999999994,0.0,17.5,17.5,0.0,0.0,282.49999999999994,350.0,0.8071428571428569,0.22,168.25745701789853,62.23749999999998,18.0,88.01995701789855,0.0,0.0,0.0,12.046494982495805,518.1450449817132,0.0,12.046494982495805,0.9961403725678412,1.0038745818746504,12.0,0.0,301.1623745623951,299.99999999999994,1.1623745623951436,0.0,0.0,1.0,0.9961403725678412
101,5,101,0,2024-09-20T17:00:00,proposed,H08,7,7,1,0.4253973364830017,0.015677186409584265,0.16645858446950812,0.0,0.0,0.3919296602396066,349.5759147152351,0.0,63.0,63.0,0.0,0.0,0.95,286.5759147152351,500.0,0.5731518294304703,0.22,148.70866301847,63.361701237351724,20.97455488291411,64.37240689820416,9.475283009383158,9.475283009383158,1.2321052792193785,13.551232356672399,0.5617365464802158,2.8360799474597127,518.1450449817132,0.0,-2.948767643327601,0.3919296602396066,349.5759147152351,0.0,63.0,63.0,0.0,0.0,286.5759147152351,500.0,0.5731518294304703,0.22,148.70866301847,63.361701237351724,20.97455488291411,64.37240689820416,0.0,0.0,0.0,0.015677186409584265,518.1450449817132,13.967359402199822,13.983036588609407,1.0,0.8739397867880879,13.983036588609407,349.1839850549955,349.5759147152351,349.5759147152351,0.0,0.0,0.0,1.0,1.0
101,5,101,0,2024-09-20T18:00:00,proposed,H01,0,0,2,0.4310409426689148,34.31772683899402,0.11284014436965048,197.38295129245515,182.38295129245515,857.9431709748507,200.00000000000003,0.0,12.8,12.8,0.0,0.0,0.95,187.20000000000002,250.0,0.7488,0.3,86.20818853378297,56.224000000000004,12.0,17.98418853378297,10.182178283995412,10.182178283995412,1.7056204920107634,13.557272410813619,0.5548094371094817,-2.127286886902177,231.44995442526957,0.0,-2.942727589186381,857.9431709748507,200.00000000000003,0.0,12.8,12.8,0.0,0.0,187.20000000000002,250.0,0.7488,0.3,86.20818853378297,56.224000000000004,12.0,17.98418853378297,0.0,3.0397158548742524,0.0,34.31772683899402,231.44995442526957,0.0,34.31772683899402,0.23311567335252179,4.289715854874252,8.0,0.0,857.9431709748507,200.00000000000003,657.9431709748507,0.0,0.0,1.0,0.23311567335252179
101,5,101,0,2024-09-20T18:00:00,proposed,H02,1,1,2,0.5546431541442871,6.608301633151789e-07,0.11284014436965048,37.580098331313394,22.580098331313398,1.652075408287947e-05,200.0,0.0,9.6,9.6,0.0,0.0,0.95,190.4,250.0,0.7616,0.3,110.92863082885742,57.168,11.999999999999998,41.76063082885742,10.07447596879336,10.07447596879336,1.4489839136532723,13.557272410813619,0.5548094371094817,-2.127286886902177,231.44995442526957,0.0,-2.942727589186381,1.652075408287947e-05,200.0,0.0,9.6,9.6,0.0,0.0,190.4,250.0,0.7616,0.3,110.92863082885742,57.168,11.999999999999998,41.76063082885742,0.0,0.3763349721885566,0.0,6.608301633151789e-07,231.44995442526957,13.01067911667829,13.010679777508454,0.6148794787670964,1.6263349721885567,7.999999999999999,325.26697791695733,325.2669944377114,200.0,125.26699443771139,-1.1102230246251565e-16,0.0,1.0,0.6148794787670964
101,5,101,0,2024-09-20T18:00:00,proposed,H03,2,2,2,0.5555733442306519,0.5845991242064528,0.11284014436965048,0.0,0.0,14.614978105161319,86.7373914804502,0.0,9.6,9.6,0.0,0.0,0.95,77.1373914804502,350.0,0.2203925470870006,0.3,48.188982654636966,23.18921744413506,5.204243488827015,19.79552172167489,10.434613279327355,10.434613279327355,1.683519537468253,13.557272410813619,0.5548094371094817,-2.127286886902177,231.44995442526957,0.0,-2.942727589186381,14.614978105161319,86.7373914804502,0.0,9.6,9.6,0.0,0.0,77.1373914804502,350.0,0.2203925470870006,0.3,48.188982654636966,23.18921744413506,5.204243488827015,19.79552172167489,0.0,0.0,0.0,0.5845991242064528,231.44995442526957,2.884896535011557,3.46949565921801,1.0,0.28912463826816753,3.46949565921801,72.12241337528889,86.7373914804502,86.7373914804502,0.0,0.0,0.0,1.0,1.0
101,5,101,0,2024-09-20T18:00:00,proposed,H04,3,3,2,0.5006306171417236,0.004126987337721147,0.11284014436965048,0.0,0.0,0.10317468344302869,153.33293855501157,0.0,12.8,12.8,0.0,0.0,0.95,140.53293855501155,250.0,0.5621317542200462,0.3,76.76316365694943,42.223881566503465,9.199976313300692,25.339305777145274,13.332346087207934,13.332346087207934,4.375342059942822,13.557272410813619,0.5548094371094817,-2.127286886902177,231.44995442526957,0.0,-2.942727589186381,0.10317468344302869,153.33293855501157,0.0,12.8,12.8,0.0,0.0,140.53293855501155,250.0,0.5621317542200462,0.3,76.76316365694943,42.223881566503465,9.199976313300692,25.339305777145274,0.0,0.0,0.0,0.004126987337721147,231.44995442526957,6.12919055486274,6.133317542200461,1.0,0.7666646927750577,6.133317542200461,153.22976387156854,153.33293855501157,153.33293855501157,0.0,0.0,0.0,1.0,1.0
101,5,101,0,2024-09-20T18:00:00,proposed,H05,4,4,2,0.5851514339447021,1.5619704405850372,0.11284014436965048,0.0,0.0,39.04926101462593,39.04926101462593,0.0,24.0,24.0,0.0,0.0,0.95,15.049261014625927,500.0,0.030098522029251853,0.3,22.849731077189315,4.634778304387778,2.3429556608775557,15.871997111923983,16.12234152274617,16.12234152274617,7.0474972970313,13.557272410813619,0.5548094371094817,-2.127286886902177,231.44995442526957,0.0,-2.942727589186381,39.04926101462593,39.04926101462593,0.0,24.0,24.0,0.0,0.0,15.049261014625927,500.0,0.030098522029251853,0.3,22.849731077189315,4.634778304387778,2.3429556608775557,15.871997111923983,0.0,0.0,0.0,1.5619704405850372,231.44995442526957,0.0,1.5619704405850372,1.0,0.09762315253656483,1.5619704405850372,0.0,39.04926101462593,39.04926101462593,0.0,0.0,0.0,1.0,1.0
101,5,101,0,2024-09-20T18:00:00,proposed,H06,5,5,2,0.505577802658081,0.3611350075245142,0.11284014436965048,0.0,0.0,9.028375188112857,133.8250590635346,0.0,32.0,32.0,0.0,0.0,0.95,101.82505906353461,700.0,0.14546437009076374,0.3,67.65897930192975,30.70751771906038,8.02950354381208,28.92195803905729,13.156196606379792,13.156196606379792,4.519576812186568,13.557272410813619,0.5548094371094817,-2.127286886902177,231.44995442526957,0.0,-2.942727589186381,9.028375188112857,133.8250590635346,0.0,32.0,32.0,0.0,0.0,101.82505906353461,700.0,0.14546437009076374,0.3,67.65897930192975,30.70751771906038,8.02950354381208,28.92195803905729,0.0,0.0,0.0,0.3611350075245142,231.44995442526957,4.991867355016872,5.353002362541386,1.0,0.33456264765883664,5.353002362541386,124.79668387542176,133.8250590635346,133.8250590635346,0.0,0.0,0.0,1.0,1.0
101,5,101,0,2024-09-20T18:00:00,proposed,H07,6,6,2,0.5604062080383301,5.859023746798851,0.11284014436965048,0.0,0.0,146.47559366997126,147.6379682323664,0.0,8.0,8.0,0.0,0.0,0.95,139.6379682323664,350.0,0.39896562352104686,0.3,82.73723393958389,41.93139046970992,8.858278093941983,31.947565375931987,10.29282170172708,10.29282170172708,1.5071169588821,13.557272410813619,0.5548094371094817,-2.127286886902177,231.44995442526957,0.0,-2.942727589186381,146.47559366997126,147.6379682323664,0.0,8.0,8.0,0.0,0.0,139.6379682323664,350.0,0.39896562352104686,0.3,82.73723393958389,41.93139046970992,8.858278093941983,31.947565375931987,0.0,0.0,0.0,5.859023746798851,231.44995442526957,0.04649498249580475,5.905518729294656,1.0,0.49212656077455463,5.905518729294656,1.1623745623951436,147.6379682323664,147.6379682323664,0.0,0.0,0.0,1.0,1.0
101,5,101,0,2024-09-20T18:00:00,proposed,H08,7,7,2,0.4633319675922394,24.567005849060024,0.11284014436965048,32.12627193397509,17.12627193397509,614.1751462265006,400.0,0.0,28.8,28.8,0.0,0.0,0.95,371.2,500.0,0.7424,0.3,185.33278703689575,111.504,24.0,49.82878703689575,9.84962209914617,9.84962209914617,1.306328248871999,13.557272410813619,0.5548094371094817,-2.127286886902177,231.44995442526957,0.0,-2.942727589186381,614.1751462265006,400.0,0.0,28.8,28.8,0.0,0.0,371.2,500.0,0.7424,0.3,185.33278703689575,111.504,24.0,49.82878703689575,0.0,0.2854378655662515,0.0,24.567005849060024,231.44995442526957,0.0,24.567005849060024,0.651280017528558,1.5354378655662515,16.0,0.0,614.1751462265006,400.0,214.1751462265006,0.0,0.0,1.0,0.651280017528558
101,5,101,0,2024-09-20T19:00:00,proposed,H01,0,0,3,0.5124114155769348,1.1997567544488197e-13,0.22624263912586498,137.38295129245606,122.38295129245606,2.999391886122049e-12,200.00000000000003,0.0,3.2,3.2,0.0,0.0,0.95,196.80000000000004,250.0,0.7872000000000001,0.34,102.48228311538698,66.92800000000003,12.0,23.55428311538695,9.601665571940803,9.601665571940803,1.3719427827581017,13.565387040136185,0.6852534283739615,-0.5912775616533201,185.6381464195801,0.0,-2.9346129598638147,2.999391886122049e-12,200.00000000000003,0.0,3.2,3.2,0.0,0.0,196.80000000000004,250.0,0.7872000000000001,0.34,102.48228311538698,66.92800000000003,12.0,23.55428311538695,0.0,2.0397158548742675,0.0,1.1997567544488197e-13,185.6381464195801,26.31772683899402,26.31772683899414,0.30397762120346405,3.2897158548742675,8.0,657.9431709748507,657.9431709748536,200.00000000000003,457.9431709748536,0.0,0.0,1.0,0.30397762120346405
101,5,101,0,2024-09-20T19:00:00,proposed,H02,1,1,3,0.5288784503936768,0.027423134746031315,0.22624263912586498,0.0,0.0,0.6855783686507829,125.95257280636217,0.0,2.4,2.4,0.0,0.0,0.95,123.55257280636216,250.0,0.4942102912254487,0.34,66.61360152892557,42.01987475416314,7.557154368381726,17.036572406380706,9.593576982103418,9.593576982103418,1.2046584004681915,13.565387040136185,0.6852534283739615,-0.5912775616533201,185.6381464195801,0.0,-2.9346129598638147,0.6855783686507829,125.95257280636217,0.0,2.4,2.4,0.0,0.0,123.55257280636216,250.0,0.4942102912254487,0.34,66.61360152892557,42.01987475416314,7.557154368381726,17.036572406380706,0.0,0.0,0.0,0.027423134746031315,185.6381464195801,5.010679777508453,5.038102912254484,1.0,0.6297628640318105,5.038102912254484,125.26699443771139,125.95257280636217,125.95257280636217,0.0,0.0,0.0,1.0,1.0
101,5,101,0,2024-09-20T19:00:00,proposed,H03,2,2,3,0.5553357601165771,8.30060894357776,0.22624263912586498,0.0,0.0,207.51522358944402,207.51522358944402,0.0,2.4,2.4,0.0,0.0,0.95,205.115223589444,350.0,0.5860434959698401,0.34,115.24062442780536,69.75117602041097,12.45091341536664,33.03853499202775,10.5455722893017,10.5455722893017,2.0228099482612203,13.565387040136185,0.6852534283739615,-0.5912775616533201,185.6381464195801,0.0,-2.9346129598638147,207.51522358944402,207.51522358944402,0.0,2.4,2.4,0.0,0.0,205.115223589444,350.0,0.5860434959698401,0.34,115.24062442780536,69.75117602041097,12.45091341536664,33.03853499202775,0.0,0.0,0.0,8.30060894357776,185.6381464195801,0.0,8.30060894357776,1.0,0.6917174119648134,8.30060894357776,0.0,207.51522358944402,207.51522358944402,0.0,0.0,0.0,1.0,1.0
101,5,101,0,2024-09-20T19:00:00,proposed,H04,3,3,3,0.5040097236633301,9.364320063155704,0.22624263912586498,10.23240047366778,0.0,234.10800157889258,200.0,0.0,3.2,3.2,0.0,0.0,0.95,196.8,250.0,0.7872,0.34,100.80194473266602,66.92800000000001,12.0,21.873944732666004,13.930079074653477,13.930079074653477,5.180905791938308,13.565387040136185,0.6852534283739615,-0.5912775616533201,185.6381464195801,0.0,-2.9346129598638147,234.10800157889258,200.0,0.0,3.2,3.2,0.0,0.0,196.8,250.0,0.7872,0.34,100.80194473266602,66.92800000000001,12.0,21.873944732666004,0.0,0.0,0.0,9.364320063155704,185.6381464195801,0.0,9.364320063155704,0.8543065536040704,1.170540007894463,8.0,0.0,234.10800157889258,200.0,34.10800157889258,0.0,0.0,1.0,0.8543065536040704
101,5,101,0,2024-09-20T19:00:00,proposed,H05,4,4,3,0.5891861915588379,1.7816349495564634,0.22624263912586498,0.0,0.0,44.540873738911586,44.540873738911586,0.0,6.0,6.0,0.0,0.0,0.95,38.540873738911586,500.0,0.07708174747782318,0.34,26.242867766932374,13.133897071229939,2.672452424334695,10.43651827136774,16.709062381760198,16.709062381760198,7.87511737850255,13.565387040136185,0.6852534283739615,-0.5912775616533201,185.6381464195801,0.0,-2.9346129598638147,44.540873738911586,44.540873738911586,0.0,6.0,6.0,0.0,0.0,38.540873738911586,500.0,0.07708174747782318,0.34,26.242867766932374,13.133897071229939,2.672452424334695,10.43651827136774,0.0,0.0,0.0,1.7816349495564634,185.6381464195801,0.0,1.7816349495564634,1.0,0.11135218434727896,1.7816349495564634,0.0,44.540873738911586,44.540873738911586,0.0,0.0,0.0,1.0,1.0
101,5,101,0,2024-09-20T19:00:00,proposed,H06,5,5,3,0.5022306442260742,11.257769454417478,0.22624263912586498,0.0,0.0,281.44423636043695,281.44423636043695,0.0,8.0,8.0,0.0,0.0,0.95,273.44423636043695,700.0,0.3906346233720528,0.34,141.34992014101775,93.01104036254857,16.886654181626216,31.45222559684296,12.981572871703507,12.981572871703507,4.6013502141759535,13.565387040136185,0.6852534283739615,-0.5912775616533201,185.6381464195801,0.0,-2.9346129598638147,281.44423636043695,281.44423636043695,0.0,8.0,8.0,0.0,0.0,273.44423636043695,700.0,0.3906346233720528,0.34,141.34992014101775,93.01104036254857,16.886654181626216,31.45222559684296,0.0,0.0,0.0,11.257769454417478,185.6381464195801,0.0,11.257769454417478,1.0,0.7036105909010923,11.257769454417478,0.0,281.44423636043695,281.44423636043695,0.0,0.0,0.0,1.0,1.0
101,5,101,0,2024-09-20T19:00:00,proposed,H07,6,6,3,0.5599246025085449,7.9824148806782524,0.22624263912586498,0.0,0.0,199.56037201695634,199.56037201695634,0.0,2.0,2.0,0.0,0.0,0.95,197.56037201695634,350.0,0.5644582057627324,0.34,111.73876197805163,67.18052648576517,11.973622321017379,32.584613171269076,10.427084359772845,10.427084359772845,1.894995433039237,13.565387040136185,0.6852534283739615,-0.5912775616533201,185.6381464195801,0.0,-2.9346129598638147,199.56037201695634,199.56037201695634,0.0,2.0,2.0,0.0,0.0,197.56037201695634,350.0,0.5644582057627324,0.34,111.73876197805163,67.18052648576517,11.973622321017379,32.584613171269076,0.0,0.0,0.0,7.9824148806782524,185.6381464195801,0.0,7.9824148806782524,1.0,0.665201240056521,7.9824148806782524,0.0,199.56037201695634,199.56037201695634,0.0,0.0,0.0,1.0,1.0
101,5,101,0,2024-09-20T19:00:00,proposed,H08,7,7,3,0.4605983793735504,0.17874231820659842,0.22624263912586498,0.0,0.0,4.468557955164961,218.64370418166556,0.0,7.2,7.2,0.0,0.0,0.95,211.44370418166557,500.0,0.4228874083633311,0.34,100.70693580630513,71.9268594217663,13.118622250899934,15.661454133638896,9.515236627451845,9.515236627451845,1.228333912562702,13.565387040136185,0.6852534283739615,-0.5912775616533201,185.6381464195801,0.0,-2.9346129598638147,4.468557955164961,218.64370418166556,0.0,7.2,7.2,0.0,0.0,211.44370418166557,500.0,0.4228874083633311,0.34,100.70693580630513,71.9268594217663,13.118622250899934,15.661454133638896,0.0,0.0,0.0,0.17874231820659842,185.6381464195801,8.567005849060024,8.745748167266623,1.0,0.5466092604541639,8.745748167266623,214.1751462265006,218.64370418166556,218.64370418166556,0.0,0.0,0.0,1.0,1.0
101,5,101,0,2024-09-20T20:00:00,proposed,H01,0,0,4,0.4939765930175781,1.1599955145783105e-09,0.12830378722290453,77.38295130115603,62.38295130115603,2.8999887864457757e-08,200.00000000000003,0.0,0.0,0.0,0.0,0.0,0.95,200.00000000000003,250.0,0.8000000000000002,0.27,98.79531860351564,54.000000000000014,12.0,32.795318603515625,9.892022545341115,9.892022545341115,1.5249803184068884,13.571885390412364,0.6493627964066727,0.5043050558287535,175.1964081851874,0.0,-2.9281146095876363,2.8999887864457757e-08,200.00000000000003,0.0,0.0,0.0,0.0,0.0,200.00000000000003,250.0,0.8000000000000002,0.27,98.79531860351564,54.000000000000014,12.0,32.795318603515625,0.0,1.039715855019267,0.0,1.1599955145783105e-09,175.1964081851874,18.31772683899414,18.317726840154137,0.4367354131771016,2.289715855019267,8.0,457.9431709748536,457.9431710038535,200.00000000000003,257.9431710038534,0.0,0.0,1.0,0.4367354131771016
101,5,101,0,2024-09-20T20:00:00,proposed,H02,1,1,4,0.5120697021484375,6.477945928870365,0.12830378722290453,0.0,0.0,161.94864822175913,161.94864822175913,0.0,0.0,0.0,0.0,0.0,0.95,161.94864822175913,250.0,0.6477945928870366,0.27,82.92899605825828,43.72613501987497,9.716918893305547,29.485942145077765,9.84460408868651,9.84460408868651,1.320186143484114,13.571885390412364,0.6493627964066727,0.5043050558287535,175.1964081851874,0.0,-2.9281146095876363,161.94864822175913,161.94864822175913,0.0,0.0,0.0,0.0,0.0,161.94864822175913,250.0,0.6477945928870366,0.27,82.92899605825828,43.72613501987497,9.716918893305547,29.485942145077765,0.0,0.0,0.0,6.477945928870365,175.1964081851874,0.0,6.477945928870365,1.0,0.8097432411087956,6.477945928870365,0.0,161.94864822175913,161.94864822175913,0.0,0.0,0.0,1.0,1.0
101,5,101,0,2024-09-20T20:00:00,proposed,H03,2,2,4,0.5501857995986938,3.543663436385075,0.12830378722290453,0.0,0.0,88.59158590962687,88.59158590962687,0.0,0.0,0.0,0.0,0.0,0.95,88.59158590962687,350.0,0.2531188168846482,0.27,48.74183253140444,23.91972819559926,5.315495154577613,19.506609181227567,10.564050446694036,10.564050446694036,1.8759078995372573,13.571885390412364,0.6493627964066727,0.5043050558287535,175.1964081851874,0.0,-2.9281146095876363,88.59158590962687,88.59158590962687,0.0,0.0,0.0,0.0,0.0,88.59158590962687,350.0,0.2531188168846482,0.27,48.74183253140444,23.91972819559926,5.315495154577613,19.506609181227567,0.0,0.0,0.0,3.543663436385075,175.1964081851874,0.0,3.543663436385075,1.0,0.2953052863654229,3.543663436385075,0.0,88.59158590962687,88.59158590962687,0.0,0.0,0.0,1.0,1.0
101,5,101,0,2024-09-20T20:00:00,proposed,H04,3,3,4,0.5086363554000854,0.6803373552825089,0.12830378722290453,0.0,0.0,17.00843388206272,51.1164354609553,0.0,0.0,0.0,0.0,0.0,0.95,51.1164354609553,250.0,0.2044657418438212,0.27,25.99967743390399,13.801437574457932,3.0669861276573194,9.131253731788739,13.632584912332385,13.632584912332385,4.6767195171109055,13.571885390412364,0.6493627964066727,0.5043050558287535,175.1964081851874,0.0,-2.9281146095876363,17.00843388206272,51.1164354609553,0.0,0.0,0.0,0.0,0.0,51.1164354609553,250.0,0.2044657418438212,0.27,25.99967743390399,13.801437574457932,3.0669861276573194,9.131253731788739,0.0,0.0,0.0,0.6803373552825089,175.1964081851874,1.364320063155704,2.044657418438213,1.0,0.2555821773047766,2.044657418438213,34.10800157889258,51.1164354609553,51.1164354609553,0.0,0.0,0.0,1.0,1.0
101,5,101,0,2024-09-20T20:00:00,proposed,H05,4,4,4,0.5823632478713989,0.8469710258989573,0.12830378722290453,0.0,0.0,21.174275647473934,21.174275647473934,0.0,0.0,0.0,0.0,0.0,0.95,21.174275647473934,500.0,0.04234855129494787,0.27,12.331119937387188,5.717054424817962,1.270456538848436,5.343608973720789,16.184410069320855,16.184410069320855,7.105855811710538,13.571885390412364,0.6493627964066727,0.5043050558287535,175.1964081851874,0.0,-2.9281146095876363,21.174275647473934,21.174275647473934,0.0,0.0,0.0,0.0,0.0,21.174275647473934,500.0,0.04234855129494787,0.27,12.331119937387188,5.717054424817962,1.270456538848436,5.343608973720789,0.0,0.0,0.0,0.8469710258989573,175.1964081851874,0.0,0.8469710258989573,1.0,0.052935689118684834,0.8469710258989573,0.0,21.174275647473934,21.174275647473934,0.0,0.0,0.0,1.0,1.0
101,5,101,0,2024-09-20T20:00:00,proposed,H06,5,5,4,0.4954209327697754,4.806021027824771,0.12830378722290453,0.0,0.0,120.15052569561925,120.15052569561925,0.0,0.0,0.0,0.0,0.0,0.95,120.15052569561925,700.0,0.17164360813659893,0.27,59.52508551290256,32.4406419378172,7.209031541737157,19.8754120333482,13.155946983710448,13.155946983710448,4.589209099826029,13.571885390412364,0.6493627964066727,0.5043050558287535,175.1964081851874,0.0,-2.9281146095876363,120.15052569561925,120.15052569561925,0.0,0.0,0.0,0.0,0.0,120.15052569561925,700.0,0.17164360813659893,0.27,59.52508551290256,32.4406419378172,7.209031541737157,19.8754120333482,0.0,0.0,0.0,4.806021027824771,175.1964081851874,0.0,4.806021027824771,1.0,0.3003763142390482,4.806021027824771,0.0,120.15052569561925,120.15052569561925,0.0,0.0,0.0,1.0,1.0
101,5,101,0,2024-09-20T20:00:00,proposed,H07,6,6,4,0.5641151666641235,3.0510135973968193,0.12830378722290453,0.0,0.0,76.27533993492048,76.27533993492048,0.0,0.0,0.0,0.0,0.0,0.95,76.27533993492048,350.0,0.21792954267120138,0.27,43.02807609975034,20.594341782428533,4.576520396095229,17.85721392122658,10.345141232614381,10.345141232614381,1.619350044046245,13.571885390412364,0.6493627964066727,0.5043050558287535,175.1964081851874,0.0,-2.9281146095876363,76.27533993492048,76.27533993492048,0.0,0.0,0.0,0.0,0.0,76.27533993492048,350.0,0.21792954267120138,0.27,43.02807609975034,20.594341782428533,4.576520396095229,17.85721392122658,0.0,0.0,0.0,3.0510135973968193,175.1964081851874,0.0,3.0510135973968193,1.0,0.25425113311640163,3.0510135973968193,0.0,76.27533993492048,76.27533993492048,0.0,0.0,0.0,1.0,1.0
101,5,101,0,2024-09-20T20:00:00,proposed,H08,7,7,4,0.4740719795227051,11.439018116299028,0.12830378722290453,0.0,0.0,285.97545290747576,285.97545290747576,0.0,0.0,0.0,0.0,0.0,0.95,285.97545290747576,500.0,0.5719509058149516,0.27,135.57294905474916,77.21337228501847,17.158527174448544,41.20104959528215,9.724134672002448,9.724134672002448,1.282239210860777,13.571885390412364,0.6493627964066727,0.5043050558287535,175.1964081851874,0.0,-2.9281146095876363,285.97545290747576,285.97545290747576,0.0,0.0,0.0,0.0,0.0,285.97545290747576,500.0,0.5719509058149516,0.27,135.57294905474916,77.21337228501847,17.158527174448544,41.20104959528215,0.0,0.0,0.0,11.439018116299028,175.1964081851874,0.0,11.439018116299028,1.0,0.7149386322686893,11.439018116299028,0.0,285.97545290747576,285.97545290747576,0.0,0.0,0.0,1.0,1.0
101,5,101,0,2024-09-20T21:00:00,proposed,H01,0,0,5,0.47035717964172363,2.388765558642929e-05,0.11292549459420914,17.38313045857292,2.383130458572922,0.0005971913896607322,199.99999999999997,0.0,0.0,0.0,0.0,100.0,0.42368421052631583,99.99999999999997,250.0,0.3999999999999999,0.2,94.07143592834471,22.999999999999996,12.0,59.07143592834471,9.864615699383661,9.864615699383661,1.5358843892913747,13.577946097308425,0.6499841859251604,3.2515749500625315,329.923755923399,1.4210854715202004e-14,-2.922053902691575,0.0005971913896607322,199.99999999999997,0.0,0.0,0.0,0.0,100.0,99.99999999999997,250.0,0.3999999999999999,0.2,94.07143592834471,22.999999999999996,12.0,59.07143592834471,1.4210854715202004e-14,0.039718840976215364,0.0,2.388765558642929e-05,329.923755923399,10.317726840154137,10.317750727809724,0.7753627908878797,1.2897188409762155,8.0,257.9431710038534,257.9437681952431,199.99999999999997,57.94376819524311,-1.1102230246251565e-16,0.0,1.0,0.7753627908878797
101,5,101,0,2024-09-20T21:00:00,proposed,H02,1,1,5,0.5122116804122925,4.852120366145609,0.11292549459420914,0.0,0.0,121.30300915364023,121.30300915364023,0.0,0.0,0.0,0.0,100.0,0.42368421052631583,21.303009153640232,250.0,0.08521203661456093,0.2,62.13281815765376,7.260601830728047,7.278180549218414,47.5940357777073,9.784047890240895,9.784047890240895,1.3097520654703168,13.577946097308425,0.6499841859251604,3.2515749500625315,329.923755923399,1.4210854715202004e-14,-2.922053902691575,121.30300915364023,121.30300915364023,0.0,0.0,0.0,0.0,100.0,21.303009153640232,250.0,0.08521203661456093,0.2,62.13281815765376,7.260601830728047,7.278180549218414,47.5940357777073,1.4210854715202004e-14,0.0,0.0,4.852120366145609,329.923755923399,0.0,4.852120366145609,1.0,0.6065150457682011,4.852120366145609,0.0,121.30300915364023,121.30300915364023,0.0,0.0,0.0,1.0,1.0
101,5,101,0,2024-09-20T21:00:00,proposed,H03,2,2,5,0.5418475866317749,3.020555548723346,0.11292549459420914,0.0,0.0,75.51388871808365,75.51388871808365,0.0,0.0,0.0,0.0,75.51388871808365,0.6850389869540925,0.0,350.0,0.0,0.2,40.91701835907404,2.2654166615425093,4.5308333230850195,34.12076837444651,10.446860529292632,10.446860529292632,1.8067333825432683,13.577946097308425,0.6499841859251604,3.2515749500625315,329.923755923399,1.4210854715202004e-14,-2.922053902691575,75.51388871808365,75.51388871808365,0.0,0.0,0.0,0.0,75.51388871808365,0.0,350.0,0.0,0.2,40.91701835907404,2.2654166615425093,4.5308333230850195,34.12076837444651,1.4210854715202004e-14,0.0,0.0,3.020555548723346,329.923755923399,0.0,3.020555548723346,1.0,0.2517129623936122,3.020555548723346,0.0,75.51388871808365,75.51388871808365,0.0,0.0,0.0,1.0,1.0
101,5,101,0,2024-09-20T21:00:00,proposed,H04,3,3,5,0.5126112699508667,2.6071287085441894,0.11292549459420914,0.0,0.0,65.17821771360474,65.17821771360474,0.0,0.0,0.0,0.0,65.17821771360474,0.6755653991006116,0.0,250.0,0.0,0.2,33.411088955305,1.955346531408142,3.910693062816284,27.545049361080572,13.597448544420686,13.597448544420686,4.684142119017252,13.577946097308425,0.6499841859251604,3.2515749500625315,329.923755923399,1.4210854715202004e-14,-2.922053902691575,65.17821771360474,65.17821771360474,0.0,0.0,0.0,0.0,65.17821771360474,0.0,250.0,0.0,0.2,33.411088955305,1.955346531408142,3.910693062816284,27.545049361080572,1.4210854715202004e-14,0.0,0.0,2.6071287085441894,329.923755923399,0.0,2.6071287085441894,1.0,0.3258910885680237,2.6071287085441894,0.0,65.17821771360474,65.17821771360474,0.0,0.0,0.0,1.0,1.0
101,5,101,0,2024-09-20T21:00:00,proposed,H05,4,4,5,0.5759704113006592,0.6805370667159955,0.11292549459420914,0.0,0.0,17.013426667899886,17.013426667899886,0.0,0.0,0.0,0.0,17.013426667899886,0.9141822596465266,0.0,500.0,0.0,0.2,9.7992303555439,0.5104028000369966,1.0208056000739931,8.26802195543291,16.266605476328163,16.266605476328163,7.226133374951839,13.577946097308425,0.6499841859251604,3.2515749500625315,329.923755923399,1.7763568394002505e-14,-2.922053902691575,17.013426667899886,17.013426667899886,0.0,0.0,0.0,0.0,17.013426667899886,0.0,500.0,0.0,0.2,9.7992303555439,0.5104028000369966,1.0208056000739931,8.26802195543291,1.7763568394002505e-14,0.0,0.0,0.6805370667159955,329.923755923399,0.0,0.6805370667159955,1.0,0.042533566669749716,0.6805370667159955,0.0,17.013426667899886,17.013426667899886,0.0,0.0,0.0,1.0,1.0
101,5,101,0,2024-09-20T21:00:00,proposed,H06,5,5,5,0.4905359745025635,3.7552930489923186,0.11292549459420914,0.0,0.0,93.88232622480797,93.88232622480797,0.0,0.0,0.0,0.0,93.88232622480797,0.7852941645178807,0.0,700.0,0.0,0.2,46.05265838325375,2.8164697867442388,5.632939573488478,37.603249023021036,13.272759405313552,13.272759405313552,4.7268912659300355,13.577946097308425,0.6499841859251604,3.2515749500625315,329.923755923399,2.842170943040401e-14,-2.922053902691575,93.88232622480797,93.88232622480797,0.0,0.0,0.0,0.0,93.88232622480797,0.0,700.0,0.0,0.2,46.05265838325375,2.8164697867442388,5.632939573488478,37.603249023021036,2.842170943040401e-14,0.0,0.0,3.7552930489923186,329.923755923399,0.0,3.7552930489923186,1.0,0.23470581556201991,3.7552930489923186,0.0,93.88232622480797,93.88232622480797,0.0,0.0,0.0,1.0,1.0
101,5,101,0,2024-09-20T21:00:00,proposed,H07,6,6,5,0.5671242475509644,2.2137063158250987,0.11292549459420914,0.0,0.0,55.34265789562746,55.34265789562746,0.0,0.0,0.0,0.0,55.34265789562746,0.7558152354539387,0.0,350.0,0.0,0.2,31.38616321652816,1.6602797368688238,3.320559473737648,26.40532400592169,10.262780351481076,10.262780351481076,1.5852928588143766,13.577946097308425,0.6499841859251604,3.2515749500625315,329.923755923399,1.4210854715202004e-14,-2.922053902691575,55.34265789562746,55.34265789562746,0.0,0.0,0.0,0.0,55.34265789562746,0.0,350.0,0.0,0.2,31.38616321652816,1.6602797368688238,3.320559473737648,26.40532400592169,1.4210854715202004e-14,0.0,0.0,2.2137063158250987,329.923755923399,0.0,2.2137063158250987,1.0,0.18447552631875822,2.2137063158250987,0.0,55.34265789562746,55.34265789562746,0.0,0.0,0.0,1.0,1.0
101,5,101,0,2024-09-20T21:00:00,proposed,H08,7,7,5,0.46674615144729614,9.482870219571584,0.11292549459420914,0.0,0.0,237.07175548928964,237.07175548928964,0.0,0.0,0.0,0.0,237.07175548928964,0.4509015673909692,0.0,500.0,0.0,0.2,110.65232949148034,7.112152664678689,14.224305329357376,89.31587149744428,9.700467174053742,9.700467174053742,1.2936375755103346,13.577946097308425,0.6499841859251604,3.2515749500625315,329.923755923399,2.842170943040401e-14,-2.922053902691575,237.07175548928964,237.07175548928964,0.0,0.0,0.0,0.0,237.07175548928964,0.0,500.0,0.0,0.2,110.65232949148034,7.112152664678689,14.224305329357376,89.31587149744428,2.842170943040401e-14,0.0,0.0,9.482870219571584,329.923755923399,0.0,9.482870219571584,1.0,0.592679388723224,9.482870219571584,0.0,237.07175548928964,237.07175548928964,0.0,0.0,0.0,1.0,1.0
